-- Insertar datos en la tabla Curso
INSERT INTO curso (CurCod, CurNom, CurNumMod, CurEstRegCod)
VALUES
    (100, 'Introducción a OSHAcademy', 0, 1),
    (105, 'Comunicación de peligros: Básico', 0, 1),
    (107, 'Planes de Actuación de Emergencias y Prevención de Incendios', 0, 1),
    (108, 'Equipo de Protección Personal: Básico', 0, 1),
    (112, 'Introducción a la Supervisión de Seguridad', 0, 1),
    (113, 'Introducción al Liderazgo en Seguridad', 0, 1),
    (114, 'Superficies para caminar-trabajar y protección contra caídas', 0, 1),
    (115, 'Seguridad Eléctrica para Empleados: Básica', 0, 1),
    (116, 'Introducción a la responsabilidad en materia de seguridad', 0, 1),
    (117, 'Introducción al reconocimiento de seguridad', 0, 1),
    (121, 'Introducción a la Formación en Seguridad', 0, 1),
    (122, 'Introducción a los controles de peligros', 0, 1),
    (123, 'Introducción al análisis de riesgos laborales', 0, 1),
    (138, 'Higiene del Trabajo y Prevención de Enfermedades', 0, 1),
    (144, 'Introducción a OSHA', 0, 1),
    (150, 'Peligros para la salud física en la construcción', 0, 1),
    (151, 'Peligros biológicos para la salud en la construcción', 0, 1),
    (152, 'Riesgos ergonómicos en la construcción', 0, 1),
    (153, 'Riesgos ergonómicos en la industria general', 0, 1),
    (154, 'Protección de máquinas: básica', 0, 1),
    (155, 'Seguridad en la soldadura: básica', 0, 1),
    (156, 'Seguridad en montacargas: Básico', 0, 1),
    (157, 'Seguridad en la excavación: Básico', 0, 1),
    (158, 'Seguridad en grúas: básica', 0, 1),
    (159, 'Protección Auditiva: Básica', 0, 1),
    (160, 'Seguridad de herramientas: básica', 0, 1),
    (161, 'Higiene Industrial: Básica', 0, 1),
    (162, 'Investigación de Accidentes: Básico', 0, 1),
    (170, 'Atención sanitaria: Alergia al látex', 0, 1),
    (171, 'Atención sanitaria: productos químicos peligrosos', 0, 1),
    (172, 'Atención sanitaria: seguridad del glutaraldehído', 0, 1),
    (173, 'Atención sanitaria: seguridad contra el mercurio', 0, 1),
    (174, 'Atención sanitaria: seguridad contra incendios', 0, 1),
    (175, 'Atención sanitaria: peligros biológicos', 0, 1),
    (176, 'Atención sanitaria: estrés y violencia laboral', 0, 1),
    (177, 'Sanidad: Seguridad Eléctrica', 0, 1),
    (178, 'Atención sanitaria: Equipo de protección personal', 0, 1),
    (179, 'Atención médica: Introducción a los peligros hospitalarios comunes', 0, 1),
    (181, 'Atención médica: seguridad con objetos punzantes', 0, 1),
    (182, 'Atención sanitaria: seguridad del óxido de etileno', 0, 1),
    (183, 'Atención sanitaria: seguridad radiológica', 0, 1),
    (500, 'EM 385-1-1 (Capítulos 1-6): 2014', 0, 1),
    (501, 'EM 385-1-1 (Capítulos 7-13): 2014', 0, 1),
    (502, 'EM 385-1-1 (Capítulos 14-19): 2014', 0, 1),
    (503, 'EM 385-1-1 (Capítulos 20-26): 2014', 0, 1),
    (504, 'EM 385-1-1 (Capítulos 27-34): 2014', 0, 1),
    (600, 'Introducción a la Seguridad y Salud en el Trabajo', 0, 1),
    (601, 'Fundamentos de Seguridad y Salud en el Trabajo', 0, 1),
    (602, 'Seguridad contra el estrés por calor y frío', 0, 1),
    (603, 'Seguridad en escaleras y escaleras', 0, 1),
    (604, 'Seguridad en andamios', 0, 1),
    (605, 'Seguridad en espacios confinados', 0, 1),
    (610, 'Seguridad en la limpieza', 0, 1),
    (611, 'Seguridad con pistolas de clavos', 0, 1),
    (612, 'Seguridad del tráfico en la zona de trabajo', 0, 1),
    (613, 'Seguridad de los trabajadores en restaurantes', 0, 1),
    (614, 'Equipos de protección personal y salvamento', 0, 1),
    (615, 'Seguridad Eléctrica: Peligros y Controles', 0, 1),
    (617, 'Gestión de la Seguridad y la Salud: Industria General', 0, 1),
    (618, 'Gestión de la Seguridad y la Salud: Construcción', 0, 1),
    (619, 'Seguridad en el manejo de materiales', 0, 1),
    (621, 'Control de energía peligrosa (bloqueo/etiquetado)', 0, 1),
    (623, 'Prevención de lesiones ergonómicas', 0, 1),
    (624, 'Atención médica: prevención de resbalones, tropezones y caídas', 0, 1),
    (628, 'Atención médica: seguridad de la ecografía', 0, 1),
    (629, 'Planificación de emergencias en el lugar de trabajo', 0, 1),
    (630, 'Atención sanitaria: seguridad en farmacia', 0, 1),
    (655, 'Patógenos transmitidos por la sangre: en el lugar de trabajo', 0, 1),
    (656, 'Patógenos transmitidos por la sangre: en el ámbito sanitario', 0, 1),
    (660, 'HAZWOPER para trabajadores de sitio general I', 0, 1),
    (661, 'HAZWOPER para trabajadores de sitios generales II', 0, 1),
    (662, 'HAZWOPER para trabajadores de sitios generales III', 0, 1),
    (663, 'HAZWOPER para trabajadores generales del sitio IV', 0, 1),
    (664, 'HAZWOPER para trabajadores generales del sitio V', 0, 1),
    (665, 'HAZWOPER para trabajadores de sitio general VI', 0, 1),
    (666, 'HAZWOPER para trabajadores de sitios generales VII', 0, 1),
    (667, 'HAZWOPER para trabajadores de sitios generales VIII', 0, 1),
    (668, 'HAZWOPER para trabajadores generales del sitio IX', 0, 1),
    (669, 'HAZWOPER para trabajadores generales del sitio X', 0, 1),
    (700, 'Introducción a la Gestión de la Seguridad', 0, 1),
    (701, 'Operaciones efectivas del Comité de Seguridad', 0, 1),
    (702, 'Investigación efectiva de accidentes', 0, 1),
    (703, 'Introducción a la Formación en SST', 0, 1),
    (704, 'Análisis y Control de Peligros', 0, 1),
    (705, 'Programa de comunicación de peligros', 0, 1),
    (706, 'Realización de un análisis de riesgos laborales (JHA)', 0, 1),
    (707, 'Reuniones efectivas del Comité de SST', 0, 1),
    (708, 'Conceptos básicos del mantenimiento de registros de OSHA', 0, 1),
    (709, 'Equipo de Protección Personal', 0, 1),
    (710, 'Programa de control de energía (bloqueo/etiquetado)', 0, 1),
    (711, 'Introducción a la Ergonomía', 0, 1),
    (712, 'Supervisión y Liderazgo de Seguridad', 0, 1),
    (713, 'Programa de Espacios Confinados', 0, 1),
    (714, 'Programa de protección contra caídas', 0, 1),
    (715, 'Seguridad Eléctrica: para Técnicos y Supervisores', 0, 1),
    (716, 'Evaluación del Sistema de Gestión de Seguridad', 0, 1),
    (717, 'Planes de Acción de Emergencia', 0, 1),
    (718, 'Planes de Prevención de Incendios', 0, 1),
    (719, 'Gestión de Seguridad de Flotas', 0, 1),
    (720, 'Prevención de la violencia en el lugar de trabajo', 0, 1),
    (721, 'Desarrollo de Capacitación en SST', 0, 1),
    (722, 'Gestión del Programa de Ergonomía', 0, 1),
    (723, 'Realización de capacitación en SST', 0, 1),
    (725, 'Gestión del Programa de Seguridad de Montacargas', 0, 1),
    (726, 'Introducción a la protección de máquinas', 0, 1),
    (736, 'Introducción a la Gestión de la Seguridad de Procesos (PSM)', 0, 1),
    (744, 'Trabajar con OSHA', 0, 1),
    (750, 'Introducción a la Higiene Industrial', 0, 1),
    (751, 'Gestión del Programa de Conservación de la Audición', 0, 1),
    (755, 'Patógenos transmitidos por la sangre: gestión del programa', 0, 1),
    (757, 'Seguridad de laboratorio', 0, 1),
    (776, 'Prevención de la violencia laboral: en el sector sanitario', 0, 1),
    (800, 'Introducción a la Gestión de la Seguridad en la Construcción', 0, 1),
    (802, 'Seguridad en zanjas y excavaciones', 0, 1),
    (803, 'Gestión del Programa de Seguridad de Andamios', 0, 1),
    (804, 'Montaje e inspección segura de andamios', 0, 1),
    (805, 'Protección contra caídas en la construcción: elementos para 29 CFR 1926.500-503', 0, 1),
    (806, 'Enfoque cuatro: Peligros de caídas', 0, 1),
    (807, 'Enfoque cuatro: Atrapados entre peligros', 0, 1),
    (808, 'Enfoque cuatro: Peligros de ser golpeado', 0, 1),
    (809, 'Enfoque cuatro: Peligros de electrocución', 0, 1),
    (810, 'Seguridad con herramientas manuales y eléctricas', 0, 1),
    (812, 'Enfoque cuatro de OSHA', 0, 1),
    (813, 'Seguridad en el lugar de trabajo de construcción', 0, 1),
    (814, 'Seguridad de Equipo Pesado', 0, 1),
    (815, 'Seguridad en la demolición', 0, 1),
    (816, 'Seguridad en espacios confinados en la construcción', 0, 1),
    (820, 'Seguridad de Grúas y Cabrias I', 0, 1),
    (821, 'Seguridad en Grúas y Cabrias II', 0, 1),
    (833, 'Desarrollo de un sistema de gestión de seguridad en la construcción', 0, 1),
    (850, 'Riesgos para la Salud en la Construcción', 0, 1),
    (900, 'Gestión de la Seguridad del Petróleo y Gas', 0, 1),
    (901, 'Concientización sobre los peligros del petróleo y el gas', 0, 1),
    (902, 'Preparación del sitio del pozo y seguridad de la perforación', 0, 1),
    (903, 'Seguridad en la finalización y el mantenimiento del sitio del pozo', 0, 1),
    (904, 'Inspección de pozos de petróleo y gas ', 0, 1),
    (906, 'Limpieza de derrames de petróleo', 0, 1),
    (907, 'Introducción a SEMS II: 30 CFR 250.1900-1933', 0, 1),
    (908, 'Seguridad del petróleo y el gas costa afuera I', 0, 1),
    (909, 'Seguridad del petróleo y el gas costa afuera I', 0, 1);


-- Insertar datos en la tabla Estado de registro
INSERT INTO examen(ExaCod, ExaNumPre, ExaCurCod, ExaEstRegCod)
VALUES
    (100, 0, 100, 1),
    (105, 0, 105, 1),
    (107, 0, 107, 1),
    (108, 0, 108, 1),
    (112, 0, 112, 1),
    (113, 0, 113, 1),
    (114, 0, 114, 1),
    (115, 0, 115, 1),
    (116, 0, 116, 1),
    (117, 0, 117, 1),
    (121, 0, 121, 1),
    (122, 0, 122, 1),
    (123, 0, 123, 1),
    (138, 0, 138, 1),
    (144, 0, 144, 1),
    (150, 0, 150, 1),
    (151, 0, 151, 1),
    (152, 0, 152, 1),
    (153, 0, 153, 1),
    (154, 0, 154, 1),
    (155, 0, 155, 1),
    (156, 0, 156, 1),
    (157, 0, 157, 1),
    (158, 0, 158, 1),
    (159, 0, 159, 1),
    (160, 0, 160, 1),
    (161, 0, 161, 1),
    (162, 0, 162, 1),
    (170, 0, 170, 1),
    (171, 0, 171, 1),
    (172, 0, 172, 1),
    (173, 0, 173, 1),
    (174, 0, 174, 1),
    (175, 0, 175, 1),
    (176, 0, 176, 1),
    (177, 0, 177, 1),
    (178, 0, 178, 1),
    (179, 0, 179, 1),
    (181, 0, 181, 1),
    (182, 0, 182, 1),
    (183, 0, 183, 1),
    (500, 0, 500, 1),
    (501, 0, 501, 1),
    (502, 0, 502, 1),
    (503, 0, 503, 1),
    (504, 0, 504, 1),
    (600, 0, 600, 1),
    (601, 0, 601, 1),
    (602, 0, 602, 1),
    (603, 0, 603, 1),
    (604, 0, 604, 1),
    (605, 0, 605, 1),
    (610, 0, 610, 1),
    (611, 0, 611, 1),
    (612, 0, 612, 1),
    (613, 0, 613, 1),
    (614, 0, 614, 1),
    (615, 0, 615, 1),
    (617, 0, 617, 1),
    (618, 0, 618, 1),
    (619, 0, 619, 1),
    (621, 0, 621, 1),
    (623, 0, 623, 1),
    (624, 0, 624, 1),
    (628, 0, 628, 1),
    (629, 0, 629, 1),
    (630, 0, 630, 1),
    (655, 0, 655, 1),
    (656, 0, 656, 1),
    (660, 0, 660, 1),
    (661, 0, 661, 1),
    (662, 0, 662, 1),
    (663, 0, 663, 1),
    (664, 0, 664, 1),
    (665, 0, 665, 1),
    (666, 0, 666, 1),
    (667, 0, 667, 1),
    (668, 0, 668, 1),
    (669, 0, 669, 1),
    (700, 0, 700, 1),
    (701, 0, 701, 1),
    (702, 0, 702, 1),
    (703, 0, 703, 1),
    (704, 0, 704, 1),
    (705, 0, 705, 1),
    (706, 0, 706, 1),
    (707, 0, 707, 1),
    (708, 0, 708, 1),
    (709, 0, 709, 1),
    (710, 0, 710, 1),
    (711, 0, 711, 1),
    (712, 0, 712, 1),
    (713, 0, 713, 1),
    (714, 0, 714, 1),
    (715, 0, 715, 1),
    (716, 0, 716, 1),
    (717, 0, 717, 1),
    (718, 0, 718, 1),
    (719, 0, 719, 1),
    (720, 0, 720, 1),
    (721, 0, 721, 1),
    (722, 0, 722, 1),
    (723, 0, 723, 1),
    (725, 0, 725, 1),
    (726, 0, 726, 1),
    (736, 0, 736, 1),
    (744, 0, 744, 1),
    (750, 0, 750, 1),
    (751, 0, 751, 1),
    (755, 0, 755, 1),
    (757, 0, 757, 1),
    (776, 0, 776, 1),
    (800, 0, 800, 1),
    (802, 0, 802, 1),
    (803, 0, 803, 1),
    (804, 0, 804, 1),
    (805, 0, 805, 1),
    (806, 0, 806, 1),
    (807, 0, 807, 1),
    (808, 0, 808, 1),
    (809, 0, 809, 1),
    (810, 0, 810, 1),
    (812, 0, 812, 1),
    (813, 0, 813, 1),
    (814, 0, 814, 1),
    (815, 0, 815, 1),
    (816, 0, 816, 1),
    (820, 0, 820, 1),
    (821, 0, 821, 1),
    (833, 0, 833, 1),
    (850, 0, 850, 1),
    (900, 0, 900, 1),
    (901, 0, 901, 1),
    (902, 0, 902, 1),
    (903, 0, 903, 1),
    (904, 0, 904, 1),
    (906, 0, 906, 1),
    (907, 0, 907, 1),
    (908, 0, 908, 1),
    (909, 0, 909, 1);


-- Insertar datos en la tabla Estado de registro
INSERT INTO pregunta(PreCod, PreTex, PreNumMod, PreExaCod, PreEstRegCod)
VALUES
    (10001, '', 0, 0, 100, 1),
    (10002, '', 0, 0, 100, 1),
    (10003, '', 0, 0, 100, 1),
    (10004, '', 0, 0, 100, 1),
    (10005, '', 0, 0, 100, 1),
    (10006, '', 0, 0, 100, 1),
    (10007, '', 0, 0, 100, 1),
    (10008, '', 0, 0, 100, 1),
    (10009, '', 0, 0, 100, 1),
    (10010, '', 0, 0, 100, 1),
    (10011, '', 0, 0, 100, 1),
    (10012, '', 0, 0, 100, 1),
    (10013, '', 0, 0, 100, 1),
    (10014, '', 0, 0, 100, 1),
    (10015, '', 0, 0, 100, 1),
    (10016, '', 0, 0, 100, 1),
    (10017, '', 0, 0, 100, 1),
    (10018, '', 0, 0, 100, 1),
    (10019, '', 0, 0, 100, 1),
    (10020, '', 0, 0, 100, 1),

    (10501, '', 0, 0, 105, 1),
    (10502, '', 0, 0, 105, 1),
    (10503, '', 0, 0, 105, 1),
    (10504, '', 0, 0, 105, 1),
    (10505, '', 0, 0, 105, 1),
    (10506, '', 0, 0, 105, 1),
    (10507, '', 0, 0, 105, 1),
    (10508, '', 0, 0, 105, 1),
    (10509, '', 0, 0, 105, 1),
    (10510, '', 0, 0, 105, 1),
    (10511, '', 0, 0, 105, 1),
    (10512, '', 0, 0, 105, 1),
    (10513, '', 0, 0, 105, 1),
    (10514, '', 0, 0, 105, 1),
    (10515, '', 0, 0, 105, 1),
    (10516, '', 0, 0, 105, 1),
    (10517, '', 0, 0, 105, 1),
    (10518, '', 0, 0, 105, 1),
    (10519, '', 0, 0, 105, 1),
    (10520, '', 0, 0, 105, 1),

    (90901, '', 0, 0, 909, 1),
    (90902, '', 0, 0, 909, 1),
    (90903, '', 0, 0, 909, 1),
    (90904, '', 0, 0, 909, 1),
    (90905, '', 0, 0, 909, 1),
    (90906, '', 0, 0, 909, 1),
    (90907, '', 0, 0, 909, 1),
    (90908, '', 0, 0, 909, 1),
    (90909, '', 0, 0, 909, 1),
    (90910, '', 0, 0, 909, 1),
    (90911, '', 0, 0, 909, 1),
    (90912, '', 0, 0, 909, 1),
    (90913, '', 0, 0, 909, 1),
    (90914, '', 0, 0, 909, 1),
    (90915, '', 0, 0, 909, 1),
    (90916, '', 0, 0, 909, 1),
    (90917, '', 0, 0, 909, 1),
    (90918, '', 0, 0, 909, 1),
    (90919, '', 0, 0, 909, 1),
    (90920, '', 0, 0, 909, 1);


-- Insertar datos en la tabla Estado de registro
INSERT INTO alternativa(AltCod, AltTex, AltCor, AltPreCod, AltEstRegCod)
VALUES
    (105011, '', , 10501, 1),
    (105012, '', , 10501, 1),
    (105013, '', , 10501, 1),
    (105014, '', , 10501, 1),

    (105021, '', , 10502, 1),
    (105022, '', , 10502, 1),
    (105023, '', , 10502, 1),
    (105024, '', , 10502, 1),

    (105031, '', , 10503, 1),
    (105032, '', , 10503, 1),
    (105033, '', , 10503, 1),
    (105034, '', , 10503, 1),

    (105041, '', , 10504, 1),
    (105042, '', , 10504, 1),
    (105043, '', , 10504, 1),
    (105044, '', , 10504, 1),

    (105051, '', , 10505, 1),
    (105052, '', , 10505, 1),
    (105053, '', , 10505, 1),
    (105054, '', , 10505, 1),

    (105061, '', , 10506, 1),
    (105062, '', , 10506, 1),
    (105063, '', , 10506, 1),
    (105064, '', , 10506, 1),

    (105071, '', , 10507, 1),
    (105072, '', , 10507, 1),
    (105073, '', , 10507, 1),
    (105074, '', , 10507, 1),

    (105081, '', , 10508, 1),
    (105082, '', , 10508, 1),
    (105083, '', , 10508, 1),
    (105084, '', , 10508, 1),

    (105091, '', , 10509, 1),
    (105092, '', , 10509, 1),
    (105093, '', , 10509, 1),
    (105094, '', , 10509, 1),

    (105101, '', , 10510, 1),
    (105102, '', , 10510, 1),
    (105103, '', , 10510, 1),
    (105104, '', , 10510, 1),

    (105111, '', , 10511, 1),
    (105112, '', , 10511, 1),
    (105113, '', , 10511, 1),
    (105114, '', , 10511, 1),

    (105121, '', , 10512, 1),
    (105122, '', , 10512, 1),
    (105123, '', , 10512, 1),
    (105124, '', , 10512, 1),

    (105131, '', , 10513, 1),
    (105132, '', , 10513, 1),
    (105133, '', , 10513, 1),
    (105134, '', , 10513, 1),

    (105141, '', , 10514, 1),
    (105142, '', , 10514, 1),
    (105143, '', , 10514, 1),
    (105144, '', , 10514, 1),

    (105151, '', , 10515, 1),
    (105152, '', , 10515, 1),
    (105153, '', , 10515, 1),
    (105154, '', , 10515, 1),

    (105161, '', , 10516, 1),
    (105162, '', , 10516, 1),
    (105163, '', , 10516, 1),
    (105164, '', , 10516, 1),

    (105171, '', , 10517, 1),
    (105172, '', , 10517, 1),
    (105173, '', , 10517, 1),
    (105174, '', , 10517, 1),

    (105181, '', , 10518, 1),
    (105182, '', , 10518, 1),
    (105183, '', , 10518, 1),
    (105184, '', , 10518, 1),

    (105191, '', , 10519, 1),
    (105192, '', , 10519, 1),
    (105193, '', , 10519, 1),
    (105194, '', , 10519, 1),

    (105201, '', , 10520, 1),
    (105202, '', , 10520, 1),
    (105203, '', , 10520, 1),
    (105204, '', , 10520, 1),

    (x, '');